vietnamese_name,english_name,type,region,description,ingredients,how_to_eat,fun_fact,,
Bạc Xỉu,White Coffee (Saigon style),White Coffee,South,Saigon-style coffee - mostly hot milk with just a little coffee. Popular with those who want less of a caffeine kick.,"Condensed milk, fresh milk, a small amount of strong coffee, hot water",Drink it hot. It can also be made iced.,The name comes from Cantonese meaning 'white' - referring to the light color from all the milk.,,
Bánh Bèo,Steamed Rice Cakes with Shrimp,Steamed Cakes,Central,"Delicate little rice cakes steamed in small saucers, topped with minced shrimp, crispy pork skin, and scallion oil.","Rice flour, tapioca starch, shrimp, pork skin, scallion oil, fish sauce dip","Pour a tiny bit of fish sauce into the saucer, loosen the edges with a small spoon, then slide the whole cake into your mouth.",The name means 'duckweed' because they resemble tiny floating plants.,,
Bánh Bò,Vietnamese Honeycomb Cake,Sponge Cake,All,"A spongey, chewy cake made with rice flour, coconut milk, sugar, and yeast. It has a characteristic honeycomb texture inside.","Rice flour, tapioca starch, coconut milk, sugar, yeast, pandan leaves","Tear it apart with your fingers. It's chewy, slightly sweet, and perfect with coffee.",The holes inside should form a uniform honeycomb pattern - that's a sign of proper fermentation.,,
Bánh Bột Lọc,Huế Tapioca Dumplings (clear),Tapioca Dumplings,Central,"Huế tapioca dumplings - the same as bánh lọc. They're clear, chewy, and filled with shrimp and pork.","Tapioca flour, shrimp, ground pork, scallions, fish sauce dip",The chewy texture is the whole point. Dip them in fish sauce with chili.,They can be wrapped in banana leaves or served 'naked'.,,
Bánh Căn,Mini Pancakes with Quail Eggs,Mini Pancakes,Central,"Central Vietnam's version of mini pancakes - cooked in clay molds over charcoal. They're lighter and airier than bánh khọt, often topped with quail eggs.","Rice flour, quail eggs, green onions, shrimp, fish sauce dip",Eat immediately while hot. Dip in fish sauce with pickled green papaya.,"These are cooked in special clay molds that give them a distinctive texture - crispy outside, soft inside.",,
Bánh Căn Nha Trang,Nha Trang Mini Pancakes with Grilled Pork,Mini Pancakes,Nha Trang,"The Nha Trang version of bánh căn - tiny pancakes cooked in clay molds and served with grilled pork, meatballs, scallion oil, and fish sauce.","Rice flour, quail eggs, grilled pork skewers, pork meatballs, scallion oil, fish sauce dip, green mango, herbs",Eat the pancakes with the grilled pork and meatballs. Dip everything in the fish sauce with green mango.,Nha Trang's version is famous for its grilled pork accompaniment - it's more substantial than other bánh căn.,,
Bánh Căn Phan Rang,Phan Rang Mini Pancakes with Quail Eggs,Mini Pancakes,Phan Rang,"A Phan Rang specialty - mini pancakes cooked in clay molds, topped with quail eggs, and served with a fermented fish sauce.","Rice flour, quail eggs, green onions, scallion oil, fermented fish sauce","Dip them in the fermented fish sauce. Eat them with green mango, cucumber, and herbs.",Phan Rang is known for having the best fermented fish sauce in Vietnam - this dish showcases it.,,
Bánh Canh,Thick Tapioca Noodle Soup,Thick Noodle Soup,All,"A soup with thick, chewy noodles made from tapioca or rice flour. There are many regional variations.","Thick tapioca noodles, broth, various toppings, herbs",The noodles are chewy and the broth is thick - eat it with a spoon and chopsticks.,"The noodles are made from tapioca, which gives them a distinctive, chewy, and slippery texture - you'll either love it or hate it.",,
Bánh Canh Cua,Thick Noodle Soup with Crab,Crab Noodle Soup,South,"A southern specialty - thick tapioca noodles in a rich crab broth with crab meat, pork, and quail eggs.","Fresh crab, pork broth, thick tapioca noodles, crab meat, ground pork, quail eggs, fried shallots, herbs","Add a fresh crab claw if you're feeling fancy. Squeeze in some lime, add chili, and toss in lots of herbs.",This is considered a luxury street food - the crab makes it more expensive than regular bánh canh.,,
Bánh Chay,Northern Vegetarian Rice Cakes in Ginger Syrup,Vegetarian Cakes,North,"Similar to bánh trôi, but these are filled with a mung bean paste and served in a warm, sweet ginger syrup.","Glutinous rice flour, mung bean paste, ginger syrup, coconut milk","Eat them in a bowl with the syrup. They're warm, sweet, and comforting.",These are also eaten during the Tết Hàn Thực festival - they're the companion dish to bánh trôi.,,
Bánh Chưng,Square Sticky Rice Cake (Tet holiday),Sticky Rice Cake,North,"The northern Tết specialty - a square glutinous rice cake filled with mung bean and pork, wrapped in dong leaves. It represents the Earth.","Glutinous rice, mung bean paste, fatty pork, black pepper, dong leaves",Slice it into pieces and eat it with pickled onions. It can also be fried.,Making bánh chưng is a ritual - families gather to wrap them and boil them for 10+ hours before Tết.,,
Bánh Cống,Deep-fried Shrimp and Taro Cakes (Soc Trang),Shrimp Cakes,Soc Trang,"A Khmer-influenced, deep-fried shrimp cake from Soc Trang province. It's a mashed taro and mung bean cake topped with a whole shrimp and fried until crispy.","Mashed taro, mung bean paste, whole shrimp, tapioca flour, salt, pepper",Eat it with a sweet-sour fish sauce and pickled carrots and fresh herbs. The shrimp head is edible and crispy.,This is a Khmer Cambodian influence in the Mekong Delta - it's similar to the Cambodian 'num kong'.,,
Bánh Cuốn,Steamed Rice Rolls with Pork,Steamed Rolls,North,"Delicate steamed rice rolls filled with minced pork and wood ear mushrooms, topped with crispy fried shallots. Served with Vietnamese sausage and fish sauce dip.","Rice flour batter, ground pork, wood ear mushrooms, shallots, Vietnamese sausage, cucumber, bean sprouts, fresh herbs, fish sauce dip","Dip each roll into fish sauce, add fresh herbs and cucumber.",Making bánh cuốn requires incredible skill - the rice sheet must be paper-thin but not tear when rolling.,,
Bánh Đa Cua,Northern Crab Noodle Soup with Brown Rice Noodles,Crab Noodle Soup,North,"The northern version - brown rice noodles in a crab broth with crab patties, fried tofu, and green onions.","Brown rice noodles, crab broth, crab patties, fried tofu, green onions, herbs, lime",The noodles have a nutty flavor from the brown rice. Add fresh herbs and a tiny bit of shrimp paste.,The brown rice noodles are distinctive - they have a different texture and flavor than regular rice noodles.,,
Bánh Da Lợn,Steamed Layer Cake (Pig Skin Cake),Layer Cake,All,"A steamed layer cake with alternating green and yellow layers. It's soft, chewy, and slightly sweet.","Rice flour, tapioca starch, coconut milk, sugar, pandan extract, mung bean paste",Slice it and eat it as a snack or dessert. The layers should separate cleanly.,"The name means 'pig skin cake' - it might refer to the smooth, shiny surface.",,
Bánh Da Lợn (layer),Multi-layered Steamed Cake,Layer Cake,All,A multi-layered version of the cake with more than 2 colors - often 5 or 7 layers.,"Rice flour, tapioca starch, coconut milk, sugar, various food colorings",You can peel the layers apart or just slice through them.,Making this requires patience - each layer has to be steamed before the next one is added.,,
Bánh Đúc,Savory Jelly-style Rice Cake,Rice Cake,North,"A savory steamed rice cake made with lime water for a firm, jelly-like texture. Topped with ground pork, fried shallots, peanuts, and fish sauce.","Rice flour, lime water, ground pork, wood ear mushrooms, fried shallots, roasted peanuts, scallion oil, fish sauce",Eat it with a spoon - the cake jiggles like firm jelly. Top it with plenty of sauce.,There's also a sweet version made with coconut milk and sugar - it's a totally different dish.,,
Bánh Đúc Nóng,Warm Rice Porridge Cake,Rice Porridge,North,"A warm, soft, rice porridge-like version of bánh đúc. Eaten hot with ground pork, mushrooms, and herbs.","Rice flour, ground pork, wood ear mushrooms, scallions, fish sauce, pepper","Eat it hot like a porridge. Add chili, herbs, and fried shallots.",This is the comfort food of northern Vietnam - especially popular in the winter.,,
Bánh Flan,Vietnamese Caramel Custard,Caramel Custard,All,The Vietnamese version of crème caramel - a silky smooth custard with caramel sauce. Often served with coffee or crushed ice.,"Eggs, condensed milk, sugar, milk, vanilla, caramel",Eat it chilled. Sometimes crushed ice is added on top for extra texture.,"This is a French colonial influence - the Vietnamese version uses condensed milk, making it richer.",,
Bánh Gối,Hanoi ,Pillow, Cakes (Fried Pastry),Fried Pastry,Hanoi,"A Hanoi street food - a deep-fried pastry shaped like a pillow, stuffed with pork, mushrooms, vermicelli, and egg.","Wheat flour pastry, ground pork, wood ear mushrooms, cellophane noodles, egg, carrots, onions",Dip it in a sweet-sour fish sauce. Eat it while it's hot - it's crispy on the outside and juicy on the inside.,The name means 'pillow cake' - it really does resemble a small pillow.
Bánh In,Huế Molded Cakes,Molded Cakes,Central,Huế molded cakes - they're pressed into beautiful wooden molds and are often given as gifts.,"Rice flour, sugar, pandan, durian, or other flavors",They have a hard texture - you bite them or break them into pieces.,The beautiful patterns come from the wooden molds - they're a traditional gift.,,
Bánh Ít Lá Gai,Central Vietnamese Black Sticky Rice Cakes,Black Sticky Rice Cakes,Central,"A Central Vietnam specialty - black sticky rice cakes made with gai leaf, filled with mung bean and coconut, and wrapped in banana leaves.","Glutinous rice flour, gai leaf extract, mung bean paste, coconut, sugar, banana leaves","Steam them, unwrap them, and eat them. They're chewy, slightly sweet, and have an herbal flavor from the gai leaf.",The gai leaf gives the cakes their black color and a distinctive aroma. They're a traditional treat.,,
Bánh Ít Trần,,Naked, Steamed Rice Dumplings (Hue style),Steamed Dumplings,Central,Huế-style steamed rice dumplings with a shrimp and mung bean filling. They're called 'naked' because there's no wrapper beyond the rice dough.,"Rice flour dough, shrimp, mung bean paste, scallion oil, fish sauce dip","Dip them in scallion oil or fish sauce. They're small, one-bite sized.","These are part of Huế's royal cuisine - they're small, delicate, and beautifully presented."
Bánh Khoái,Crispy Pancake (Hue style),Pancake,Central,"Hue's answer to bánh xèo - smaller, thicker, and extra crispy pancake with shrimp, pork, and bean sprouts. Served with fresh herbs and peanut dipping sauce.","Rice flour, turmeric, coconut milk, shrimp, pork belly, bean sprouts, fresh herbs, peanut sauce","Wrap a piece in lettuce with herbs, dip in peanut sauce, and enjoy the crunch.",The name means 'happy cake' - possibly because it makes you happy to eat it!,,
Bánh Khọt,Mini Crispy Pancakes with Shrimp,Mini Pancakes,South,"Small, crispy mini pancakes made from rice flour and coconut milk, topped with whole shrimp. Cooked in special cast iron molds.","Rice flour, coconut milk, turmeric, shrimp, green onions, mung bean, fish sauce dip",Wrap in lettuce with herbs and dip in fish sauce. Pop the whole thing in your mouth.,Cooking these requires a special pan with small round indentations - each pancake is perfectly bite-sized.,,
Bánh Lọc,Clear Tapioca Dumplings with Shrimp (Hue style),Clear Dumplings,Central,"Huế translucent tapioca dumplings with a shrimp and pork filling. They're chewy, clear, and beautiful.","Tapioca flour, shrimp, ground pork, scallions, fish sauce dip",Dip them in fish sauce with chili. The chewy texture is the appeal.,They're so clear you can see the filling inside - they're visually striking.,,
Bánh Mì Chảo,Saigon Baguette Pan (Breakfast Platter),Baguette Pan,Saigon,A Saigon specialty - various items served in a small pan with a baguette for dipping.,"Baguette, pâté, fried eggs, grilled pork, sausage, meatballs, cheese, butter","Tear off pieces of bread and dip them in everything in the pan. It's a communal way of eating, but with your own bread.",This is a popular breakfast - each person gets a basket of bread and they all share the pan.,,
Bánh Mì Hội An,Vietnamese Sandwich (Hoi An style),Sandwich,Hoi An,"Exceptionally crispy, light baguette filled with cold cuts, pâté, mayonnaise, pickled vegetables, fresh herbs, and chili. The bread is baked fresh multiple times daily.","Crispy baguette, pork cold cuts, pâté, mayonnaise, pickled carrots, cucumber, cilantro, chili sauce",Eat immediately while the bread is still crispy! Don't wait.,"Anthony Bourdain declared this 'the best bánh mì in Vietnam' - expect a queue, but it moves fast.",,
Bánh Mì Ốp La,Vietnamese Egg Sandwich,Egg Sandwich,All,"A Vietnamese egg sandwich - a baguette with a fried egg, pâté, butter, soy sauce, and chili.","Baguette, fried egg, pâté, butter, soy sauce, chili sauce, cucumber, cilantro","Break the yolk, spread it around, and eat. It's simple but perfect.",This is a quick breakfast available everywhere - it takes 10 seconds to make and 2 minutes to eat.,,
Bánh Mì Phượng,Hoi An,s Famous Bánh Mì (Phuong,s),Sandwich,Hoi An,"Hoi An's famous bánh mì - it has exceptional bread, baked multiple times daily, and is filled with multiple meat options and a special sauce.","Crispy baguette, assorted cold cuts, grilled pork, pâté, mayonnaise, special sauce, pickled vegetables, fresh cilantro, chili",Order the 'đặc biệt' (special) to get everything. Eat it immediately - the bread quality is everything.,Anthony Bourdain called it the 'best bánh mì in Vietnam' - it's now a tourist destination.
Bánh Mì Que,Vietnamese Bread Sticks,Bread Sticks,All,"Small, thin baguettes - they're like bread sticks, but soft on the inside.","Wheat flour, water, yeast, salt","Eat them with anything - pâté, butter, condensed milk, or dip them in coffee.",Street vendors sell bags of these for breakfast.,,
Bánh Nậm,Flat Rice Dumplings with Shrimp (Hue style),Flat Dumplings,Central,"Huế flat rice dumplings filled with shrimp and pork, wrapped in banana leaves, and steamed. They're thin, rectangular, and delicate.","Rice flour batter, shrimp, ground pork, wood ear mushrooms, scallions, fish sauce, banana leaves",Unwrap and eat with fish sauce. The texture is silky and the filling is savory.,"The name refers to the shape - 'nậm' means a flat, rectangular form.",,
Bánh Phồng Tôm,Shrimp Crackers,Shrimp Crackers,All,"Deep-fried, shrimp-flavored puffed crackers. They're light, crispy, and airy.","Tapioca flour, shrimp paste, eggs, sugar, salt","Eat them as a snack, an appetizer, or with dips.","Watch them cook - tiny, flat discs turn into huge, puffy crackers just seconds after hitting the hot oil.",,
Bánh Phục Linh,Huế Royal Medicinal Cakes,Medicinal Cakes,Huế,Huế royal medicinal cakes - they're made with a medicinal herb and are believed to be good for your health.,"Rice flour, powdered herb, sugar",Eat them as a snack with tea. They have a subtle herbal flavor.,"This is part of Huế's royal medicinal cuisine, where food is also medicine.",,
Bánh Ram Ít,Fried Rice Dumplings with Soft Top (Hue style),Fried Dumplings,Central,A Huế specialty - a fried rice cake topped with a steamed rice dumpling. You get two textures in one: a crispy bottom and a soft top.,"Rice flour, mung bean, shrimp, pork, scallion oil",Eat it whole - the contrast between the crispy base and the soft top is the whole point.,This is a clever combination - two separate preparations are combined into a single dish.,,
Bánh Tét,Cylindrical Sticky Rice Cake (Tet holiday),Sticky Rice Cake,South,"The southern Tết specialty - a cylindrical glutinous rice cake filled with mung bean and pork, wrapped in banana leaves.","Glutinous rice, mung bean paste, fatty pork, black pepper, banana leaves",Slice it into rounds and eat it with pickled onions. Leftovers can be fried.,This is the southern counterpart to the northern bánh chưng - it's shaped like a cylinder instead of a square.,,
Bánh Thuẫn,Huế Royal Sponge Cake,Sponge Cake,Central,"A Huế royal sponge cake - it's light and airy, and made with many egg yolks.","Egg yolks, sugar, wheat flour, vanilla",Eat it as a snack with tea. It has the texture of a light sponge cake.,This is part of Huế's royal cuisine - it's labor-intensive and requires whisking the eggs by hand for a long time.,,
Bánh Tôm,Hanoi Shrimp and Sweet Potato Fritters,Shrimp Fritters,Hanoi,A Hanoi specialty - sweet potato and shrimp fritters. Whole shrimp are battered with sweet potato strips and deep-fried.,"Sweet potato strips, whole small shrimp, rice flour batter, salt, pepper","Eat them with fresh herbs and dip them in fish sauce. The sweet potato is sweet, the shrimp is savory, and the batter is crispy.","These are best eaten by West Lake in Hanoi, where the street stalls are famous for this dish.",,
Bánh Tráng Cuốn Thịt Heo,Pork Wraps with Fermented Shrimp Sauce,Pork Wraps,Central,"Boiled pork served with rice paper, fresh herbs, green banana, starfruit, and fermented shrimp sauce. You wrap everything yourself.","Boiled pork, rice paper, fresh herbs, green banana, starfruit, cucumber, fermented shrimp sauce","Wet the rice paper, arrange ingredients, roll tightly, and dip in the fermented shrimp sauce.","The sauce is divisive - some love its funky depth, others find it too strong. In Da Nang, it's considered essential.",,
Bánh Tráng Nướng,Grilled Rice Paper ,Pizza,,Grilled Rice Paper,South,"Vietnamese 'pizza' - a rice paper grilled over charcoal, topped with a quail egg, dried shrimp, scallion oil, mayo, and chili sauce.","Rice paper, quail egg, dried shrimp, scallion oil, mayonnaise, chili sauce, shredded dried pork, butter","Eat it hot, folded like a pizza. It's crunchy, chewy, savory, and spicy all at once.",This street food evolved in the early 2000s and is now everywhere in Saigon and Da Lat.
Bánh Tráng Trộn,Saigon Mixed Rice Paper Salad,Rice Paper Salad,South,"A Saigon street food phenomenon - shredded rice paper mixed with dried shrimp, quail eggs, green mango, herbs, and a spicy sauce.","Shredded rice paper, dried shrimp, quail eggs, green mango, roasted peanuts, fried shallots, herbs, scallion oil, chili sauce, lime juice",Mix it thoroughly until everything is coated. Eat it as a snack.,"This is a perfect example of Vietnamese creative street food - it's cheap, addictive, and found on every Saigon corner.",,
Bánh Trôi,Northern Floating Rice Cakes (sweet),Floating Cakes,North,A northern dessert - glutinous rice balls are filled with a cube of rock sugar and boiled until they float. They're then topped with sesame seeds and served in plain water.,"Glutinous rice flour, rock sugar, sesame seeds",Eat them with a spoon and drink the water. The balls are chewy and the sugar melts inside.,These are eaten during the Tết Hàn Thực (Cold Food Festival) to commemorate an ancient Chinese poet.,,
Bánh Ướt,Wet Rice Rolls with Grilled Pork,Wet Rice Rolls,Central,"Thin, soft steamed rice sheets served with grilled pork, fresh herbs, and fish sauce. Similar to bánh cuốn but without the filling.","Rice flour sheets, grilled pork, cucumber, lettuce, mint, bean sprouts, fish sauce dip","Wrap the rice sheet around pork and herbs, then dip in sauce.","The name means 'wet' - referring to the moist, soft texture of the rice sheets.",,
Bánh Xèo,Crispy Pancake with Shrimp and Pork,Pancake,South,"Giant crispy pancake made from rice flour and coconut milk, stuffed with shrimp, pork, and bean sprouts.","Rice flour, coconut milk, turmeric, shrimp, pork belly, bean sprouts, lettuce, fresh herbs, fish sauce dip","Tear a piece of pancake, put it in lettuce with herbs, roll tightly, and dip.",A well-made bánh xèo should be crispy enough that it shatters when you bite into it.,,
Bánh Xèo Cá Linh,Fish Pancake with Tiny River Fish,Fish Pancake,Mekong,Mekong Delta specialty made during flood season when tiny cá linh fish are abundant. These small fish are cooked right into the bánh xèo.,"Rice flour, coconut milk, turmeric, cá linh fish, bean sprouts, fresh herbs, green banana, starfruit, fish sauce dip","Wrap the pancake with fresh herbs, green banana, and starfruit, then dip.","Cá linh are so small they're cooked whole - you eat everything, including the soft bones.",,
Bánh Xèo Tôm Nhảy,Mekong Delta ,Jumping Shrimp, Pancakes,Pancakes,Mekong,A Mekong Delta specialty - bánh xèo made with 'jumping shrimp' - shrimp so fresh they're still moving when they're put in the pancake.,"Rice flour, coconut milk, turmeric, live shrimp, bean sprouts, herbs",The shrimp cook instantly in the hot pancake. Eat it immediately - it's the freshest possible.,"At some restaurants, they have tanks of live shrimp - you can see them jump when they're thrown onto the hot pan."
Bít Tết,Vietnamese-style Steak,Vietnamese Steak,All,"Vietnamese-style steak - usually a cheaper cut that's been marinated and tenderized. It's served with pâté, a fried egg, onions, tomatoes, and bread.","Beef, pâté, fried egg, onions, tomatoes, butter, bread","Eat it with the bread and dip it in the egg yolk and butter. It's not fancy, but it's very satisfying.","The name comes from the French word 'bifteck', but the dish has been completely adapted to Vietnamese tastes.",,
Bò 7 Món,Seven-Course Beef Feast (Saigon style),Beef Feast,Saigon,A seven-course beef feast - different beef preparations in one meal. It's popular for groups.,"Various beef cuts prepared in seven ways: fondue, grilled in leaves, steamed, salad, porridge, etc.","Eat the courses in the recommended order, usually from light to heavy. Wrap each course in rice paper with herbs.",This is a Saigon specialty - it's an experience where you get to try all the different ways of preparing beef.,,
Bò Bía,Fresh or Fried Spring Rolls with Jicama,Spring Rolls,South,"Vietnamese popiah - fresh or fried rolls filled with jicama, carrot, Chinese sausage, egg, and dried shrimp, wrapped in rice paper or a wheat flour wrapper.","Jicama, carrot, Chinese sausage, egg, dried shrimp, peanuts, lettuce, herbs, rice paper","Dip in a sweet hoisin-chili sauce. The fresh version is light and crunchy, while the fried version is indulgent.",There are two versions - a fresh southern style and a fried Hoi An style. Both are delicious.,,
Bò Bía Ngọt,Hoi An Sweet Coconut Rolls,Sweet Rolls,Hoi An,"A Hoi An specialty - a sweet version filled with shredded coconut, malt sugar, and black sesame seeds, wrapped in a thin wheat flour wrapper.","Shredded coconut, malt sugar, black sesame seeds, thin wheat flour wrapper",Eat it as a dessert. It's coated with sesame seeds on the outside and has a sweet coconut filling.,This is totally different from the savory bò bía - it's Hoi An's unique contribution to street food.,,
Bò Kho,Vietnamese Beef Stew,Beef Stew,All,"A rich, tomato-y Vietnamese beef stew with lemongrass and star anise. Served with bread or noodles.","Beef brisket, tomatoes, lemongrass, star anise, cinnamon, carrots, onions, fish sauce",Eat it with a baguette - it's essential to dip the bread in the broth.,"It's often confused with cà ri bò, but bò kho has a tomato base, while the curry has a coconut milk base.",,
Bò Lá Lốt,Grilled Beef Wraps in Wild Betel Leaves,Grilled Beef Wraps,South,"Seasoned ground beef wrapped in lolot leaves, then grilled until the leaf is slightly charred and the beef is juicy inside.","Ground beef, lolot leaves, garlic, shallots, fish sauce, pepper, lemongrass",Wrap in rice paper with herbs and dip in fish sauce. The leaf is edible and adds a peppery flavor.,The lolot leaf has a mild peppery taste that complements the beef perfectly - it's only grown in Southeast Asia.,,
Bò Lúc Lắc,Saigon ,Shaking Beef,,Shaking Beef,Saigon,"A French-influenced dish - cubes of beef tenderloin are marinated and quickly seared, then served with watercress, tomatoes, and onions.","Beef tenderloin, soy sauce, oyster sauce, garlic, pepper, butter, watercress, tomatoes, onions",Eat the beef with the watercress and onions. The beef should be rare on the inside and have a nice crust on the outside.,The name means 'shaking beef' - it comes from the action of shaking the pan while cooking.
Bò Né,Sizzling Beef Steak with Egg (Saigon style),Sizzling Beef,South,"A sizzling platter of beef steak, a fried egg, pâté, and onions, served with bread. The name means 'avoid the cow' - it sizzles so much you have to avoid it.","Beef tenderloin, fried egg, pork pâté, onions, tomatoes, butter, bread","Eat it immediately while it's still sizzling. Use the bread to soak up the butter, egg yolk, and juices.","This is a breakfast of champions - it's heavy, indulgent, and will wake you up completely.",,
Bún Bò Huế,Spicy Beef Noodle Soup (Hue style),Noodle Soup,Central,"Bold, spicy beef noodle soup with broth made from beef bones and lemongrass, colored with annatto seeds, and kicked with chili oil. Served with thick rice noodles, beef shank, pork knuckles, and congealed pork blood.","Beef bones, lemongrass, annatto seeds, chili oil, fish sauce, shrimp paste, thick rice noodles, beef shank, pork knuckles, pork blood, banana blossom, mint, bean sprouts","Add lots of fresh herbs, banana blossom, and bean sprouts. Squeeze lime and add extra chili if you dare.","Often described as having '12 different flavors in one bowl' - reflects Hue's love for bold, complex food.",,
Bún Bò Huế (original),Original Hue-style Spicy Beef Noodle Soup,Spicy Noodle Soup,Central,"The original Huế version, with even more complexity - it includes pork blood, congealed pig blood, and sometimes crab sausage.","Beef bones, oxtail, pork knuckles, lemongrass, annatto, chili oil, shrimp paste, thick noodles, beef shank, pork blood, crab sausage","Add banana blossom, mint, and bean sprouts. Squeeze in lime and add extra chili.",The original version includes crab sausage - a royal court influence.,,
Bún Cá Nha Trang,Nha Trang Fish Noodle Soup,Fish Noodle Soup,Nha Trang,"Nha Trang fish noodle soup - a clear broth with fresh fish, fish cakes, and tomatoes. This is the coastal city's specialty.","Fish broth, fresh fish fillets, fish cakes, tomatoes, rice vermicelli, dill, scallions, herbs","Add fresh herbs, chili, and lime. The broth is light but flavorful from the fresh fish.",Nha Trang's fishing fleet supplies fresh catch daily - they have the best fish noodle soup in Vietnam.,,
Bún Chả,Grilled Pork Noodle Bowl,Grilled Pork,North,"Grilled pork patties and caramelized pork belly served in a warm, tangy fish sauce broth with vermicelli noodles and fresh herbs. Made famous by Obama and Bourdain.","Charcoal-grilled pork patties, grilled pork belly, fish sauce broth, rice vermicelli, fresh mint, cilantro, perilla, pickled green papaya","Take noodles and herbs, dip them into the broth, then eat with a piece of pork. Some spoon broth over noodles - both ways work.",Obama ate this with Anthony Bourdain in Hanoi - now you can order the 'Obama Combo' at that restaurant.,,
Bún Chả Cá,Fish Cake Noodle Soup,Fish Noodle Soup,Central,"Fresh, bouncy fish cakes in a light, clear broth with rice vermicelli, tomatoes, and fresh herbs.","Fish cakes, rice vermicelli, fish broth, tomatoes, green onions, cilantro, chili, lime","Add fresh herbs, squeeze lime, and add chili to taste. The broth is delicate, so don't overwhelm it.",The best fish cakes are made fresh daily - you can often see vendors pounding the fish paste by hand.,,
Bún Chả Hà Nội (Obama style),Hanoi Grilled Pork Noodles (Obama style),Grilled Pork Noodles,Hanoi,"The specific version served at Bún Chả Hương Liên. It includes both pork patties and pork belly, and is served with crab spring rolls.","Grilled pork patties, grilled pork belly, fish sauce broth, rice vermicelli, fresh herbs, pickled papaya, crab spring rolls","Add the herbs, dip the noodles, eat with the pork, and have the spring roll on the side.",President Obama sat at table #7 and ate two plates of noodles and two spring rolls. The 'Obama Combo' includes the same.,,
Bún Kèn,Phu Quoc Coconut Fish Noodle Soup,Coconut Fish Noodles,Phu Quoc,"A Phu Quoc island specialty - a thick, coconut-based fish broth with fresh tuna or mackerel, served with rice noodles and fresh herbs.","Coconut milk, fresh tuna, fish broth, lemongrass, turmeric, chili, rice noodles, fresh herbs, pineapple, cucumber","Pour the coconut fish curry over the noodles, then add lots of fresh herbs and a squeeze of lime.",This is unique to Phu Quoc - it reflects the island's fishing culture and its coconut groves.,,
Bún Mắm,Fermented Fish Noodle Soup,Fermented Noodle Soup,South,"Intense noodle soup from the Mekong region using fermented fish as the base. The broth is loaded with shrimp, squid, fish, pork, and eggplant.","Fermented fish broth, rice vermicelli, shrimp, squid, fish fillets, pork, eggplant, lemongrass, morning glory, herbs",Start with a small spoonful of broth - it's strong! Add herbs to balance the flavor.,Considered the ultimate test of whether you truly love Vietnamese food.,,
Bún Ốc,Snail Noodle Soup,Snail Soup,North,"Tangy tomato-based broth with fresh water snails and rice vermicelli. The broth gets its sourness from rice vinegar, balanced with tomatoes and fresh dill.","Freshwater snails, rice vermicelli, tomatoes, rice vinegar, fermented shrimp, fresh dill, green onions, chili, lime","Squeeze lime, add chili. Use chopsticks for noodles and a toothpick to extract the snails.",There are over 20 varieties of edible snails used in Vietnamese cuisine.,,
Bún Ốc Nguội,Cold Snail Noodle Salad (Hanoi style),Cold Noodle Salad,North,"A Hanoi specialty - cold vermicelli with boiled snails, fresh herbs, cucumber, and a sweet-sour fish sauce.","Rice vermicelli, boiled freshwater snails, cucumber, fresh herbs, bean sprouts, roasted peanuts, fried shallots, sweet-sour fish sauce","Mix everything together, pour the sauce over, and eat it cold.",This is completely different from hot bún ốc - it uses the same main ingredient but in a totally different preparation.,,
Bún Riêu,Crab and Tomato Noodle Soup,Noodle Soup,North,"Rice vermicelli soup with a freshwater crab broth, topped with crab meat patties, fried tofu, and tomatoes.","Freshwater crabs, tomatoes, rice vermicelli, crab meat patties, fried tofu, shrimp paste, herbs","Add a tiny bit of shrimp paste, fresh herbs, and lime. The crab patties should melt in your mouth.",The crab 'flowers' that float in the broth are a sign of an authentic preparation.,,
Bún Sứa,Central Vietnamese Jellyfish Noodle Soup,Jellyfish Noodles,Central,"A Central Vietnam specialty - a noodle soup with fresh jellyfish, which adds a crunchy texture.","Rice vermicelli, fresh jellyfish, shrimp, pork, clear broth, herbs, peanuts",The jellyfish is crunchy and slippery - it's a unique texture. Add lots of herbs and lime.,The jellyfish are caught off the central coast and are processed immediately to maintain their crunch.,,
Bún Thang,Chicken and Ham Noodle Soup,Noodle Soup,North,"Complex noodle soup with shredded chicken, Vietnamese ham, and egg crepe arranged artfully over rice noodles in crystal-clear chicken broth infused with dried shrimp and squid.","Chicken broth, rice vermicelli, shredded chicken, Vietnamese ham, egg crepe, dried shrimp, dried squid","Don't mix immediately! Appreciate the arrangement, add herbs, lime, then stir gently.","Reflects Hanoi's elegant culinary tradition - everything carefully arranged, broth deliberately clear.",,
Bún Thịt Nướng,Grilled Pork Noodle Bowl,Grilled Pork Noodles,South,"Rice vermicelli topped with charcoal-grilled pork, fresh herbs, pickled vegetables, cucumbers, and peanuts. Served with fish sauce.","Grilled pork, rice vermicelli, lettuce, mint, cilantro, cucumber, pickled vegetables, peanuts, fish sauce",Pour the sauce over everything and mix thoroughly.,The marinade often includes honey or coconut soda to caramelize on the grill.,,
Bún Xào,Stir-fried Rice Vermicelli,Stir-fried Noodles,All,Stir-fried rice vermicelli with meat and vegetables. It's lighter than other fried noodle dishes.,"Rice vermicelli, pork, chicken, seafood, vegetables, garlic, fish sauce","The vermicelli can break easily, so stir-fry it gently.",This is a lighter option - it's less heavy than egg noodle dishes.,,
Cá 7 Món,Seven-Course Fish Feast,Fish Feast,All,"A seven-course fish feast - a similar concept to the beef feast, but with fish. It's popular for celebrations.","Various fish preparations: fish cakes, grilled fish, sour soup, fried fish, etc.",Start with the lighter courses and end with the heavier ones.,This is often eaten for special occasions - it requires planning and preparation.,,
Cá Bống Kho Tiêu,Mekong Delta Caramelized Goby Fish,Caramelized Fish,Mekong,"A Mekong Delta specialty - tiny goby fish caramelized in a clay pot with black pepper and fish sauce. It's sweet, salty, and peppery.","Small goby fish, caramel sauce, fish sauce, black pepper, garlic, shallots, coconut water","Eat it with plain rice. The fish are intensely flavored and tiny. You can eat them whole, bones and all.",The fish are about the size of your finger and are cooked until you can eat everything.,,
Cá Kho Tộ,Caramelized Fish in Clay Pot,Caramelized Fish,South,"Fish braised in a clay pot with caramel sauce, fish sauce, and black pepper until the sauce is thick and syrupy and the fish is caramelized.","Catfish, caramel sauce, fish sauce, black pepper, garlic, shallots, coconut water",Eat with lots of steamed rice - the sauce is meant to be poured over the rice.,The clay pot is essential - it distributes heat evenly and gives the dish an authentic flavor.,,
Cá Lăng Nướng,Grilled Catfish (Central style),Grilled Fish,Central,"Grilled catfish - a freshwater catfish with firm, fatty flesh. It's grilled over charcoal with lemongrass.","Cá lăng catfish, lemongrass, garlic, fish sauce, honey, chili","Eat it with rice paper, herbs, green banana, and starfruit, and dip it in a fermented fish sauce.","This fish has almost no bones, so it's very easy to eat.",,
Cá Lóc Nướng Trui,Straw-grilled Snakehead Fish,Grilled Fish,Mekong,"Snakehead fish grilled over straw until the skin is charred and crispy, while the flesh stays moist and flaky.","Fresh snakehead fish, straw for grilling, fresh herbs, rice paper, green banana, starfruit, cucumber, fermented fish sauce","Peel off the charred skin, flake the fish, wrap in rice paper with herbs and fruit, and dip in sauce.",The straw gives the fish a unique smoky flavor that can't be replicated with charcoal.,,
Cà Phê Sữa Đá,Iced Coffee with Condensed Milk,Iced Coffee,All,"Strong dark roast coffee brewed through a small metal drip filter directly into a glass of sweetened condensed milk, then stirred and poured over ice.","Robusta coffee, sweetened condensed milk, ice, hot water","Wait for the coffee to finish dripping, stir thoroughly to mix with the condensed milk, then pour over ice.","Vietnam is the world's second largest coffee producer, after Brazil.",,
Cà Phê Trứng,Egg Coffee (Hanoi style),Egg Coffee,Hanoi,"A Hanoi specialty - egg yolks whipped with sweetened condensed milk into a creamy, meringue-like foam atop strong dark coffee.","Egg yolks, sweetened condensed milk, strong dark roast coffee, hot water",Don't stir - sip the coffee through the creamy egg foam. Use a spoon to eat the foam at the end.,This was invented in the 1940s when milk was scarce - someone whisked egg yolk as a substitute.,,
Cà Ri Bò,Vietnamese Beef Curry,Beef Curry,All,"A beef curry - a tougher cut of beef is braised until tender, often with sweet potatoes.","Beef chuck, coconut milk, curry powder, lemongrass, sweet potatoes, carrots, onions",The beef needs a long cooking time and should be fall-apart tender.,"This is often served with rice noodles, not bread.",,
Cà Ri Gà,Vietnamese Chicken Curry,Chicken Curry,All,"Vietnamese chicken curry - it's lighter than Indian or Thai versions, with lemongrass, coconut milk, potatoes, and carrots. It's served with bread or noodles.","Chicken, coconut milk, curry powder, lemongrass, potatoes, carrots, onions, garlic, shallots","Eat it with a baguette so you can dip it in the sauce, or serve it over rice noodles. The sauce is meant to be soaked up.","This dish was influenced by Indian and Malay traders, but it's a distinctly Vietnamese version.",,
Cá Sặc Nướng,Grilled Croaking Fish (Mekong style),Grilled Fish,Mekong,"A Mekong Delta specialty - croaking fish is salted, dried in the sun, and then grilled over charcoal. It's intensely flavorful and chewy.","Croaking fish, salt, sugar, chili","Tear it into strips and eat it with rice and vegetables. The fish is very salty, so eat small amounts with lots of rice.","This was originally a preservation method, before refrigeration - the fish is salted and dried, which allows it to keep for weeks.",,
Cà Tím Nướng Mỡ Hành,Grilled Eggplant with Scallion Oil,Grilled Eggplant,All,"Eggplant grilled over charcoal until it's smoky, then topped with scallion oil, crushed peanuts, and soy sauce.","Eggplant, scallion oil, roasted peanuts, soy sauce, chili","Scrape the flesh from the skin and mix it with the toppings. It's smoky, savory, and nutty.",This is a street food classic - the smell of grilled eggplant is everywhere at night markets.,,
Cá Trê Kho Tộ,Braised Walking Catfish in a Clay Pot,Braised Catfish,Mekong,"Walking catfish braised in a clay pot with caramel sauce and black pepper. The catfish has a soft, fatty texture.","Walking catfish, caramel sauce, fish sauce, black pepper, garlic, shallots, coconut water",Eat it with rice. The fish is fatty and the sauce is thick and peppery.,This fish can actually 'walk' on land using its pectoral fins - it can survive out of water for a long time.,,
Canh Chua,Mekong Delta Sour Soup with Fish,Sour Soup,South,"A Mekong Delta sour soup with a tamarind-based broth, fish, pineapple, tomatoes, bean sprouts, and taro stem.","Fish, tamarind pulp, pineapple, tomatoes, bean sprouts, taro stem, okra, elephant ear stem, rice paddy herb","Eat it as a soup course with rice. The broth should be a perfect balance of sour, sweet, and salty.",This is considered the ultimate home cooking - every family has a slightly different version.,,
Cao Lầu,Thick Noodles with Pork (Hoi An style),Noodle Dish,Hoi An,"Hoi An's most famous dish - thick, chewy noodles that allegedly can only be made with water from the ancient Ba Le well. Topped with pork, herbs, and crispy crackers with just enough broth to moisten.","Thick rice noodles, pork, pork cracklings, bean sprouts, fresh herbs, rice crackers, broth","Mix everything, crushing the rice crackers. The texture combination is everything - chewy noodles, soft pork, crunchy crackers, fresh herbs.",Legend says Cao Lầu noodles can only be made with water from the Ba Le well - now protected as cultural heritage.,,
Chà Bông,Pork Floss,Pork Floss,All,"Dried, shredded pork floss - it's fluffy, savory, and salty.","Pork shoulder, fish sauce, sugar, shallots, garlic","Sprinkle it on rice, sticky rice, or in a bánh mì. It's shelf-stable.",It's called 'ruốc' in the north and 'chà bông' in the south.,,
Chả Cá Lã Vọng,Turmeric Fish with Dill,Turmeric Fish,North,"Turmeric-marinated catfish chunks pan-fried at your table with sizzling oil, fresh dill and green onions. Served with vermicelli noodles, peanuts, and shrimp paste.","Catfish, turmeric, galangal, shrimp paste, fresh dill, green onions, roasted peanuts, rice vermicelli","Place noodles in bowl, add fish with dill and scallions, sprinkle peanuts, add a TINY bit of shrimp paste (it's strong!), squeeze lime, and mix.",The street where the original restaurant sits is now named 'Cha Ca Street' after this single dish.,,
Chả Giò,Fried Spring Rolls (Southern style),Fried Spring Rolls,All,"Crispy fried spring rolls - rice paper wrapped around a filling of pork, shrimp, mushrooms, and vegetables.","Rice paper, ground pork, shrimp, wood ear mushrooms, cellophane noodles, carrots, onions, egg",Wrap them in lettuce with herbs and dip them in fish sauce. The contrast of the crispy roll with the fresh lettuce and herbs is essential.,"The southern version often uses a wheat paper, while the northern version uses rice paper - but they're both called chả giò.",,
Chả Giò Rế,Fried ,Net, Spring Rolls (Southern style),Fried Spring Rolls,South,Spring rolls wrapped in a woven rice paper 'net' - they become extra crispy and have a lacy texture.,"Ground pork, shrimp, mushrooms, cellophane noodles, woven rice paper net","The eating method is the same, but the texture is extra crispy thanks to the net wrapper.",The wrapper looks like netting and fries up to be incredibly crispy.
Chả Lụa,Vietnamese Pork Sausage (Ham),Pork Sausage,All,"A smooth, firm pork sausage with a fine texture and mild flavor. It's wrapped tightly in banana leaves and boiled.","Lean pork, potato starch, fish sauce, sugar, pepper, garlic, baking soda",Slice it thin and eat it with bread or in a bánh mì. It's also used in many noodle soups.,It must be wrapped tightly in banana leaves while cooking - this gives it its distinctive shape and a slight banana aroma.,,
Chả Rươi,Nereid Worm Cakes (Seasonal specialty),Worm Cakes,North,A seasonal specialty from Hai Duong province - cakes made from nereid worms. They're only available for a short time in the autumn.,"Nereid worms, egg, pork, dill, turmeric, mandarin peel",The worms look like centipedes but taste like seafood. The cake is pan-fried and eaten with rice or herbs.,The season for these worms is only 3-4 weeks per year - and people go crazy for it.,,
Cháo,Rice Porridge (Congee),Rice Porridge,All,Vietnamese congee - rice simmered until it breaks down into a porridge. There are countless variations with different proteins.,"Rice, water or broth, protein, ginger, scallions, fried shallots","Add lots of pepper, herbs, and fried shallots. Dip fried dough sticks in it.","This is the ultimate comfort food - eaten for breakfast, when you're sick, or late at night.",,
Cháo Cá,Fish Rice Porridge,Fish Porridge,All,"A fish porridge with flaked white fish, ginger, scallions, and dill.","Fish bones for broth, rice, white fish fillets, ginger, dill, scallions, fried shallots",Add lots of dill and pepper. The fish should be fresh and flaky.,Dill and fish is a classic Vietnamese combination - it's also used in the famous chả cá.,,
Cháo Hành,Scallion Rice Porridge,Scallion Porridge,All,Plain porridge with lots of scallions and ginger.,"Rice, water, lots of scallions, ginger, salt",This is the classic sick person's food. Add pepper and fried shallots.,Scallions and ginger are considered 'warming' foods - good for when you have a cold.,,
Cháo Huyết,Pork Blood Rice Porridge,Blood Porridge,All,Porridge with cubes of pork blood pudding.,"Rice, pork blood pudding, ginger, scallions, pepper","The blood pudding is soft, silky, and has a slightly metallic taste.",The blood pudding is made from fresh pork blood that is cooked until it sets.,,
Cháo Lòng,Pork Offal Porridge,Porridge,South,"Hearty rice porridge loaded with pork parts - heart, liver, kidney, and blood pudding. Topped with fried dough sticks, herbs, and pepper.","Rice porridge, pork heart, pork liver, pork kidney, blood pudding, fried dough sticks, ginger, scallions, cilantro, pepper",Add lots of pepper and herbs. Dip the fried dough in the porridge or eat it on the side.,Considered a hangover cure - the warm porridge and rich offal supposedly restore vitality.,,
Cháo Lòng (full),The Full Pork Offal Porridge Experience,Full Offal Porridge,North,"The full pork offal porridge experience - the porridge is served with a platter of boiled offal, including heart, liver, intestines, stomach, and blood pudding.","Rice porridge, assorted boiled pork offal, blood pudding, ginger, scallions, pepper, herbs","Eat the offal with a salt-pepper-lime dip, and sip the porridge in between bites.","This is the full experience - not just porridge, but an entire offal platter.",,
Cháo Lòng Heo,Pork Offal Rice Porridge,Pork Porridge,All,"A pork porridge with assorted offal - heart, liver, intestines - and blood pudding.","Pork bones, rice, pork heart, liver, intestines, blood pudding, ginger, scallions","Add lots of pepper, herbs, and fried dough sticks.",This is the ultimate hangover cure. Every part of the pig is used - nothing is wasted.,,
Cháo Sườn,Pork Rib Rice Porridge,Rib Porridge,All,"Porridge made with pork rib bones for flavor, with shredded pork meat added.","Pork ribs, rice, shredded pork, ginger, scallions, fried dough sticks",The meat falls off the bones and flavors the broth.,The ribs are simmered for a long time until they're very tender.,,
Cháo Thịt Băm,Ground Pork Rice Porridge,Ground Pork Porridge,All,"Porridge with ground pork, ginger, and scallions.","Rice, ground pork, ginger, scallions, fish sauce, pepper",Add fried dough sticks and lots of pepper.,This is the most common version found at street stalls.,,
Cháo Tim Cật,Pork Kidney and Heart Rice Porridge,Kidney Porridge,All,Porridge with pork heart and kidney - for offal lovers.,"Rice, pork heart, pork kidney, ginger, scallions, pepper","The offal should be just cooked - still tender, not rubbery.",The kidney is sliced thin and cooked very briefly.,,
Chạo Tôm,Shrimp Paste on Sugarcane,Shrimp Sausage,All,"Seasoned shrimp paste molded around sugarcane sticks, then grilled until pink with charred edges.","Fresh shrimp, pork fat, fish sauce, sugar, pepper, garlic, sugarcane sticks","Hold the sugarcane stick, bite the shrimp off, and chew on the sugarcane for the sweet juice.",The sugarcane isn't eaten - it's just used as a handle and flavor infuser.,,
Chạo Tôm Bọc Mía,Grilled Shrimp Paste on Sugarcane,Shrimp on Sugarcane,All,The same as chạo tôm - shrimp paste is molded around a sugarcane stick and grilled.,"Shrimp paste, sugarcane sticks, seasoning","Bite the shrimp off the sugarcane, then chew on the sugarcane for the sweet juice.",The sugarcane itself isn't eaten - it's just used as a handle and flavor infuser.,,
Chạo Tôm Bọc Nấm,Shrimp-wrapped Mushrooms,Shrimp-wrapped Mushrooms,All,A modern variation - shrimp paste is wrapped around enoki or other mushrooms and then fried.,"Shrimp paste, enoki mushrooms, seasoning",The mushrooms add extra moisture and a textural contrast.,This is a lighter variation on the traditional chạo tôm.,,
Chạo Tôm Chiên,Fried Shrimp Cakes,Fried Shrimp Cakes,All,Shrimp paste is formed into cakes and fried until golden.,"Shrimp paste, seasoning, breadcrumbs",Eat them with a sweet and sour sauce.,This is a simpler version than the one on sugarcane and is often served as an appetizer.,,
Cháo Trắng,Plain Rice Porridge,Plain Porridge,All,Plain rice porridge with nothing added - it's a blank canvas.,"Rice, water, salt","Eat it with side dishes: salted eggs, pickled vegetables, fried fish, or pork floss.",This is the ultimate comfort food when you're sick - it's easy to digest and you can add anything to it.,,
Cháo Vịt,Duck Rice Porridge,Duck Porridge,South,"A duck porridge with roasted duck meat, ginger, and scallions. Served with fried dough sticks.","Duck bones for broth, rice, roasted duck meat, ginger, scallions, pepper, fried dough sticks",Add lots of ginger and pepper. Dip the fried dough sticks in the porridge.,"This is often eaten at duck restaurants - the whole duck is used, with the meat for roasting and the bones for the porridge.",,
Chè,Vietnamese Sweet Dessert Soup,Dessert,All,"Vietnamese sweet dessert soup with endless variations. It can be hot or cold, with beans, fruits, jelly, and coconut milk.","Mung beans, black beans, kidney beans, tapioca pearls, coconut milk, sugar, jackfruit, durian, longan, lotus seeds, agar jelly","Served in a glass or bowl. Eat with a spoon or drink it, depending on the consistency.",There are over 100 varieties of chè - every region has its own specialty versions.,,
Chè Bà Cốt,Legendary Hanoi Coconut Dessert,Coconut Dessert,North,"A legendary Hanoi dessert - coconut cream-based sweet soup with lotus seeds, longan fruit, and jelly, all topped with crushed ice.","Coconut cream, lotus seeds, longan fruit, agar jelly, crushed ice, pandan leaves","Pour the coconut cream over your choice of toppings, add ice, and stir.","The original Bà Cốt has been serving this for over 50 years from the same location, but they never put up a sign - you just have to know where it is.",,
Chè Bắp,Sweet Corn Pudding,Corn Dessert,All,A sweet corn pudding - fresh corn kernels in a sweet coconut milk.,"Fresh corn, coconut milk, sugar, tapioca starch",The corn is sweet and chewy. It can be eaten warm or cold.,"This is best when made with fresh corn, right in the corn season.",,
Chè Chuối,Warm Banana Tapioca Pudding,Banana Dessert,South,"Warm banana and tapioca pudding with coconut milk, topped with crushed peanuts and sesame seeds.","Bananas, tapioca pearls, coconut milk, sugar, salt, crushed peanuts, sesame seeds",Eat it warm. Sometimes served with an extra drizzle of coconut cream.,Some versions include a banana flower for a subtle bitterness that balances the sweetness.,,
Chè Chuối (warm),Warm Banana Tapioca Pudding (southern),Banana Dessert,South,A warm banana and tapioca pudding with coconut milk.,"Bananas, tapioca pearls, coconut milk, sugar, salt, peanuts",Eat it warm - it's a comforting dessert.,Some people add crushed peanuts and sesame seeds on top.,,
Chè Đậu Đen,Sweet Black Bean Dessert,Black Bean Dessert,All,"A black bean sweet soup - black beans are cooked until soft, sweetened, and served with coconut milk.","Black beans, sugar, coconut milk, vanilla",Eat it with a drizzle of coconut cream on top.,"Black beans are considered a 'cooling' food, so this is good for hot weather.",,
Chè Đậu Đỏ,Sweet Red Bean Dessert,Red Bean Dessert,All,"A red bean sweet soup, similar to the black bean version.","Red adzuki beans, sugar, coconut milk",It's often served with green pandan jelly.,"The red color is considered lucky, so this is often served at celebrations.",,
Chè Đậu Xanh,Sweet Mung Bean Dessert,Mung Bean Dessert,All,A sweet mung bean dessert - whole or split mung beans are cooked with sugar and coconut milk.,"Mung beans, sugar, coconut milk, tapioca starch",It can be served hot or cold. It's simple and comforting.,This is the base for many other variations of chè.,,
Chè Hạt Sen,Sweet Lotus Seed Dessert,Lotus Seed Dessert,All,"A lotus seed dessert - fresh lotus seeds are cooked in a sweet, clear syrup or in coconut milk.","Fresh lotus seeds, sugar, water or coconut milk",The lotus seeds are soft and nutty.,Lotus seeds are considered a sophisticated ingredient - this is a royal dessert.,,
Chè Khoai Môn,Sweet Taro Dessert,Taro Dessert,All,A taro dessert - cubes of taro in a sweet coconut milk.,"Taro, coconut milk, sugar, tapioca pearls",The taro is soft and creamy.,"Taro is naturally sweet, so it requires less added sugar.",,
Chè Mít,Sweet Jackfruit Dessert,Jackfruit Dessert,All,A jackfruit dessert - strips of ripe jackfruit are served with a mung bean paste and coconut milk. It can be served warm or cold.,"Ripe jackfruit, mung bean paste, coconut milk, sugar, tapioca pearls","The jackfruit is fragrant and chewy, the mung bean is creamy, and the coconut milk is rich.",The combination of jackfruit and coconut is a classic - they're perfect together.,,
Chè Thái,Southern Thai-style Fruit Cocktail Dessert,Thai-style Dessert,South,"A southern-style fruit cocktail dessert - a mix of tropical fruits and jelly in coconut milk, topped with crushed ice.","Jackfruit, longan, lychee, durian, coconut jelly, palm seeds, coconut milk, sugar syrup, crushed ice","Mix it well and eat it with a spoon. It's refreshing, sweet, and cold.","Despite the name, this dish is more Vietnamese than Thai - it's been adapted to local tastes.",,
Cốm,Young Green Rice Flakes (Hanoi specialty),Green Rice Flakes,North,"Young green rice that's been harvested early, pounded flat, and roasted. It results in delicate, sweet, and nutty flakes.","Young glutinous rice, water",Eat it as a snack with a banana or use it to make a sweet dessert.,This is only available for a few months in the fall when the rice is just starting to form - it's a seasonal delicacy.,,
Cơm Cháy,Crispy Fried Rice Crackers with Pork,Fried Rice,Ninh Bình,"Crispy fried rice crust from the bottom of the pot, topped with a savory sauce made from pork, mushrooms, and green beans.","Cooked rice crust, pork, wood ear mushrooms, green beans, carrots, shallots, fish sauce",Scoop up the topping with the crispy rice pieces. Eat immediately while still crunchy.,Born from thrift - farmers didn't want to waste the crispy rice left in the pot.,,
Cơm Chiên Cá Mặn,Salted Fish Fried Rice,Fried Rice,South,"Fried rice made with salted fish - it's pungent, savory, and addictive.","Day-old rice, salted fish, garlic, eggs, vegetables, fish sauce",Salted fish is very strong - just a small amount will flavor the whole dish.,"This is an acquired taste - salted fish is extremely pungent, but it's delicious when cooked right.",,
Cơm Chiên Dương Châu,Yangzhou-style Fried Rice (Vietnamese version),Fried Rice,All,"The Vietnamese version of Yangzhou fried rice - made with shrimp, Chinese sausage, peas, carrots, and eggs.","Day-old rice, shrimp, Chinese sausage, peas, carrots, eggs, garlic, soy sauce",Eat it with pickled cucumbers and chili sauce.,This is a Chinese influence that has been adapted to Vietnamese tastes - it's often sweeter and has more ingredients.,,
Cơm Gà Hội An,Chicken Rice (Hoi An style),Chicken Rice,Hoi An,"Fragrant turmeric rice with shredded poached chicken, fresh herbs, and a special dipping sauce.","Chicken, turmeric rice, fresh herbs, cucumber, pickled vegetables, chicken broth, chili-garlic fish sauce","Mix the chicken with the rice, eat with the fresh vegetables, and sip the accompanying broth between bites.",Hoi An's chicken is famous for its perfect chewy texture from free-range birds.,,
Cơm Hến,Hue Clam Rice Bowl,Clam Rice,Huế,"A Huế specialty - rice topped with tiny basket clams, clam broth, crispy pork skin, peanuts, herbs, and chili. It's eaten at room temperature.","Rice, tiny basket clams, clam broth, crispy pork skin, roasted peanuts, fresh herbs, chili, sesame rice crackers",Mix everything together - it should be slightly wet from the clam broth. Eat it with the sesame crackers.,The clams used are tiny - smaller than your fingernail - and they are labor-intensive to harvest and prepare.,,
Cơm Niêu,Clay Pot Rice,Clay Pot Rice,All,Rice cooked in a clay pot until the bottom layer becomes crispy. It's served with various toppings and is scraped from the pot at the table.,"Jasmine rice, water",Scrape up the crispy bottom layer - it's the best part. Mix it with the toppings and eat it.,Cooking rice in a clay pot gives it a distinctive fragrance and a delicious crispy bottom.,,
Cơm Tấm,Broken Rice with Grilled Pork,Broken Rice,South,"Saigon's quintessential comfort food - 'broken rice' traditionally considered cheap, now elevated with grilled pork chop, shredded pork skin, steamed egg meatloaf, and a fried egg.","Broken rice, grilled pork chop, shredded pork skin, pork meatloaf, fried egg, scallion oil, pickled vegetables, cucumber, tomato, fish sauce",Mix everything together! The magic is in combining all elements in each bite.,The best cơm tấm places are judged by their grilled pork - it should be caramelized on the edges but juicy inside.,,
Cua Hấp Gừng,Ginger-steamed Crab,Steamed Crab,All,Fresh crab steamed with ginger and beer. Nothing else is needed.,"Live crab, ginger, beer, scallions",Crack the claws and eat the meat. Dip it in salt-pepper-lime.,The best crab is simply steamed - the quality of the crab itself matters most.,,
Đậu Phụ Sốt Cà,Fried Tofu in Tomato Sauce,Tofu Dish,All,"Firm tofu fried until golden, then simmered in a tomato sauce with scallions.","Firm tofu, tomatoes, tomato paste, scallions, fish sauce, sugar, garlic","Pour it over rice with lots of sauce. It's simple, satisfying, and cheap.",This is a Vietnamese vegetarian staple - it can easily be made vegan by omitting the fish sauce.,,
Dồi Trường,Pork Sausage (made from intestines),Pork Sausage,North,"A pork sausage made from intestines that are stuffed with ground pork, blood, and herbs.","Pork intestines, ground pork, pork blood, herbs, seasoning","It can be grilled or boiled, then sliced and dipped in fish sauce with chili.",This is different from European sausages - it has a coarser texture and a stronger flavor.,,
Gà 7 Món,Seven-Course Chicken Feast,Chicken Feast,All,A seven-course chicken feast.,"Chicken prepared in seven ways: salad, steamed, grilled, fried, porridge, etc.",Start with the salad and end with the porridge. Every part of the chicken is used.,The whole chicken is used - nothing is wasted.,,
Giò Bò,Vietnamese Beef Sausage,Beef Sausage,All,A Vietnamese beef sausage - it has a finer texture than the pork version and is often steamed.,"Lean beef, beef fat, fish sauce, pepper, baking soda",Slice it thin and eat it in a bánh mì or with rice.,This is a lighter alternative to the pork sausage.,,
Giò Thủ,Northern Head Cheese,Head Cheese,North,"Northern head cheese - pork head parts, like ears, snout, and tongue, are mixed with wood ear mushrooms and pepper, then pressed into a loaf.","Pork ears, snout, tongue, wood ear mushrooms, black pepper, fish sauce, garlic",Slice it thin and eat it with rice or bread. It's chewy and crunchy from the cartilage.,This is different from European head cheese - the Vietnamese version uses more pepper and less fat.,,
Gỏi Cá Mai,Phu Quoc Mai Fish Salad (Lime-cured),Fish Salad,Phu Quoc,"A Phu Quoc specialty - fresh mai fish cured in lime juice and mixed with herbs, peanuts, and fried shallots. It's served immediately, with the fish 'cooking' in the lime.","Fresh mai fish, lime juice, fish sauce, sugar, garlic, chili, herbs, roasted peanuts, fried shallots",Eat it immediately after it's mixed - the fish will turn opaque from the lime. Wrap it in rice paper with extra herbs.,The fish must be used within hours of being caught - it has to be ultra-fresh.,,
Gỏi Cá Trích,Phu Quoc Herring Salad,Fish Salad,Phu Quoc,"A herring salad - fresh herring sliced thin and served with shredded coconut, green mango, and herbs. You wrap it all in rice paper and dip it in a special sauce.","Fresh herring fillets, shredded coconut, green mango, pineapple, cucumber, herbs, rice paper, dipping sauce","Wrap the herring with the coconut, mango, and herbs in the rice paper, then dip it in the sauce.",Herring are abundant around Phu Quoc and are rich in omega-3 fatty acids.,,
Gỏi Cuốn,Fresh Spring Rolls with Shrimp and Pork,Fresh Spring Rolls,South,"Fresh spring rolls - translucent rice paper wrapped around shrimp, pork, vermicelli, and fresh herbs, served with hoisin-peanut dipping sauce.","Rice paper, shrimp, pork, rice vermicelli, lettuce, mint, cilantro, chives, hoisin sauce, peanut butter, garlic, chili",Dip generously in the sauce. Eat in one or two bites.,The best gỏi cuốn have the shrimp showing through the wrapper - it's a sign of skilled rolling.,,
Há Cảo,Vietnamese Shrimp Dumplings (Har Gow),Shrimp Dumplings,All,"The Vietnamese version of har gow - translucent wheat starch dumplings with a shrimp filling, steamed and served with a soy dipping sauce.","Wheat starch, tapioca starch, shrimp, bamboo shoots, sesame oil, sugar, white pepper",Dip them in soy sauce with chili. Eat them while they're hot.,This is a Chinese influence - the Vietnamese version often has more shrimp and less fat.,,
Hủ Tiếu Nam Vang,Phnom Penh Style Noodle Soup,Noodle Soup,South,"Clear, sweet broth made from pork and dried squid, served with rice noodles, various pork cuts, shrimp, quail eggs, and fried garlic.","Pork broth, dried squid, rice noodles, pork ribs, ground pork, shrimp, quail eggs, fried garlic, chives, bean sprouts, herbs","Add fresh herbs, bean sprouts, and a squeeze of lime. The fried garlic is essential - don't skip it.",The dried squid in the broth is the secret ingredient - it adds a subtle ocean flavor without tasting fishy.,,
Hủ Tiếu Xào,Stir-fried Hủ Tiếu Noodles,Stir-fried Noodles,South,"Stir-fried hủ tiếu noodles with beef, seafood, or a mix.","Hủ tiếu noodles, beef, seafood, vegetables, garlic, soy sauce, oyster sauce",The noodles are chewier than pho noodles. Eat them hot.,Hủ tiếu noodles have a different texture - they're made with an addition of tapioca flour?,,
Kem,Vietnamese Ice Cream,Ice Cream,All,Vietnamese ice cream - it's often made with coconut milk and tropical fruit flavors.,"Coconut milk, sugar, tropical fruits","Eat it in a bowl, in a cone, or even between two pieces of bread.",Kem Tràng Tiền in Hanoi has been famous for its ice cream since 1958.,,
Kem Dừa,Coconut Ice Cream served in a Coconut,Coconut Ice Cream,All,"Coconut ice cream served in a young coconut shell, topped with fresh coconut flesh.","Coconut ice cream, young coconut shell, fresh coconut flesh, roasted peanuts",Eat the ice cream and then scrape out the fresh coconut flesh from the shell.,The shell keeps the ice cream cold and makes for a beautiful presentation.,,
Kem Xôi,Sticky Rice with Coconut Ice Cream,Sticky Rice with Ice Cream,All,"A unique combination - warm, sticky rice is topped with cold, coconut ice cream.","Warm sticky rice, coconut ice cream, crushed peanuts, coconut flakes",The contrast of the hot rice and the cold ice cream is amazing.,"It sounds weird, but it tastes incredible - you have to try it.",,
Khô Cá Lóc,Sun-dried Snakehead Fish,Dried Fish,Mekong,"Sun-dried snakehead fish - it's pounded flat, dried, and then grilled or fried.","Snakehead fish, salt, sugar, turmeric",Grill or fry it until it's crispy. Tear it into strips and eat it with rice and a green mango salad.,"The drying process concentrates the flavor - it becomes intensely fishy, chewy, and addictive.",,
Lạp Xưởng,Vietnamese Chinese Sausage,Chinese Sausage,All,"A dried pork sausage - it's sweet, fatty, and has a firm texture.","Pork, pork fat, sugar, salt, soy sauce, Chinese wine","Steam it or fry it, then slice it and eat it with rice or in a bánh mì.","This is a Chinese influence, but the Vietnamese version is sweeter and fattier.",,
Lẩu Cá Kèo,Brackish Water Goby Fish Hotpot,Hotpot,Mekong,"A hotpot with a small, brackish water goby fish that has a huge head. The broth is sour and spicy.","Cá kèo fish, tamarind, pineapple, tomatoes, bean sprouts, vegetables, rice noodles","The fish has soft, sweet flesh. Be careful of the bones.","The fish's name means 'climbing fish' - they can actually climb trees! (Well, mangrove roots.)",,
Lẩu Cua Đồng,Northern Field Crab Hotpot,Hotpot,North,"A northern specialty - a hotpot with a broth made from pounded freshwater field crabs, topped with crab paste clots.","Field crabs, tomatoes, fermented crab paste, green onions, dill, water spinach, taro stem, tofu, rice noodles",Dip the vegetables and noodles in the broth and eat the crab clots with rice.,"Making the broth is labor-intensive - the crabs are pounded, strained, and simmered until crab 'flowers' form on top.",,
Lẩu Cua Đồng,Northern Field Crab Hotpot,Hotpot,North,"A northern hotpot with a broth made from pounded freshwater crabs, crab patties, and green vegetables.","Freshwater field crabs, tomatoes, green onions, dill, taro stems, water spinach, rice noodles",Dip the vegetables in the broth and eat the crab patties with rice. The broth has a distinctive crab flavor.,The field crabs live in the rice paddies and are harvested during farming season.,,
Lẩu Ếch,Frog Hotpot,Hotpot,All,"A frog hotpot with lemongrass, galangal, chili, and vegetables. The frog meat is delicate, like chicken.","Frog legs, lemongrass, galangal, kaffir lime leaves, chili, tomatoes, pineapple, vegetables, rice noodles","The frog meat cooks quickly, so don't overcook it.",Frog farming is common in the Mekong Delta - it's a sustainable protein source.,,
Lẩu Mắm,Fermented Fish Hotpot,Hotpot,Mekong,"The ultimate Mekong Delta experience - a pungent hotpot centered around fermented fish. The broth is made by cooking fermented fish with lemongrass, eggplant, and coconut water.","Fermented fish, broth, lemongrass, eggplant, coconut water, freshwater fish, shrimp, pork, morning glory, vegetables, rice noodles","Cook ingredients in the bubbling broth, let them absorb the flavor, and eat with rice noodles.","This is an acquired taste - the fermented fish base can be overwhelming for beginners, but locals love its funky complexity.",,
Lẩu Thái,Vietnamese-style Thai Hotpot,Hotpot,All,"The Vietnamese take on Thai hotpot - a spicy and sour broth with lemongrass, galangal, kaffir lime leaves, tomatoes, and pineapple.","Pork broth, lemongrass, galangal, kaffir lime leaves, Thai chilies, tomatoes, pineapple, mushrooms, seafood, meats, rice noodles",Cook ingredients in the bubbling broth and eat with rice noodles and a dipping sauce.,"Despite the name, this is distinctly Vietnamese - it's been adapted to local tastes with more herbs and less coconut milk.",,
Lươn Xào Lăn,Stir-fried Eel with Lemongrass,Stir-fried Eel,North,"Eel stir-fried with lemongrass, chili, and Vietnamese coriander.","Eel fillets, lemongrass, chili, garlic, turmeric, rau răm, fish sauce",Eat it with rice or rice crackers. The eel is slightly chewy and very flavorful.,Eel is considered a delicacy in the north - it's expensive and highly prized.,,
Mì Hoành Thánh,Wonton Noodle Soup,Wonton Noodles,All,"Egg noodles with wontons, roasted pork, and greens in a broth. This has a strong Cantonese influence.","Egg noodles, wontons, roasted pork, broth, bok choy",Add chili oil and pickled peppers. Mix it well.,"This is a complete meal in a bowl - you get noodles, dumplings, meat, and vegetables all together.",,
Mì Quảng,Turmeric Noodles with Pork and Shrimp,Turmeric Noodles,Central,"Wide rice noodles stained yellow with turmeric, served with a small amount of intensely flavored broth. Topped with shrimp, pork, quail eggs, peanuts, fresh herbs, and crunchy rice crackers.","Turmeric noodles, pork, shrimp, quail eggs, peanuts, fresh herbs, rice crackers, broth",Crush the rice crackers and mix everything so each bite has a bit of everything.,"The small amount of broth is intentional - it's not a soup, it's a 'salad noodle' dish.",,
Mì Quảng (bò),Beef Turmeric Noodles (Quang Nam style),Beef Noodles,Central,"A beef version - turmeric noodles with thinly sliced beef, and sometimes beef offal.","Turmeric noodles, beef, beef broth, peanuts, herbs, banana blossom, rice crackers",This is less common than the pork or chicken version. The beef is quickly cooked so it should be rare.,Some versions use water buffalo meat - it's chewier and has a gamier flavor.,,
Mì Quảng (gà),Chicken Turmeric Noodles (Quang Nam style),Chicken Noodles,Central,"A chicken version of mì quảng - turmeric noodles with free-range chicken, chicken broth, herbs, peanuts, and rice crackers.","Turmeric noodles, free-range chicken, chicken broth, roasted peanuts, fresh herbs, banana blossom, rice crackers, scallion oil",Mix everything together and crush the crackers. The chicken version is lighter than the pork or shrimp version.,"The free-range chickens of Central Vietnam have firmer, tastier meat.",,
Mì Vịt Tiềm,Braised Duck Noodle Soup with Herbs,Duck Noodle Soup,South,A Chinese-influenced duck noodle soup - duck braised with Chinese herbs and served with egg noodles in a medicinal broth.,"Duck, Chinese herbs, egg noodles, bok choy, herbs",Drink the medicinal broth first - it's slightly bitter and aromatic. Then eat the duck with the noodles.,"This is considered a tonic food - the herbs are believed to boost health, especially for women.",,
Mì Xào Giòn,Crispy Fried Noodles with Stir-fried Toppings,Crispy Noodles,All,"Egg noodles are deep-fried into a crispy cake, then topped with a stir-fry of meat and vegetables in a gravy.","Egg noodles, chicken, seafood, vegetables, gravy",Break the crispy noodle cake and mix it with the toppings and gravy. The contrast of the crispy noodles and the saucy toppings is the point.,"There are two versions: 'khô' (dry) where the noodles stay separate, and 'ướt' (wet) where the noodles are soft.",,
Mì Xào Mềm,Soft Fried Noodles,Soft Noodles,All,"The soft version of mì xào - the noodles are stir-fried with meat and vegetables, not made into a crispy cake.","Egg noodles, meat, seafood, vegetables, soy sauce, oyster sauce","The noodles are soft and chewy, and coated in the sauce.",This is the home-style version - it's quicker and easier than making a crispy noodle cake.,,
Miến,Glass Noodle Soup or Salad,Glass Noodles,All,"Thin, clear noodles made from mung bean starch. They're used in soups, salads, and stir-fries.","Mung bean starch, water",Don't overcook them - they'll become mushy quickly. Cook them just until they're translucent.,"These are also called cellophane noodles, bean thread noodles, or glass noodles.",,
Miến Gà,Chicken Glass Noodle Soup,Chicken Noodle Soup,All,"Glass noodles in a clear chicken broth with shredded chicken, mushrooms, and herbs. It's light and comforting.","Chicken broth, glass noodles, shredded chicken, wood ear mushrooms, shiitake mushrooms, scallions, cilantro, fried shallots","Add lime, chili, and lots of herbs. This is the perfect sick-day food.",This is considered easy to digest - it's often fed to sick people and new mothers.,,
Miến Lươn,Hanoi Glass Noodle Soup with Fried Eel,Eel Noodle Soup,North,"A Hanoi specialty - glass noodles with fried eel, topped with fried shallots, herbs, and peanuts. Served with a clear broth on the side.","Glass noodles, freshwater eel, fried shallots, roasted peanuts, fresh herbs, clear broth","Put the noodles in a bowl, add the broth, and eat with the herbs. The eel is crispy, the noodles are soft, and the broth is light.","The eel is prepared two ways in the same dish - some pieces are fried until crispy, while others are in the broth.",,
Nem Chua,Fermented Pork Sausage,Fermented Pork,All,"A raw, fermented pork sausage cured in banana leaves. It's sour, sweet, spicy, and garlicky.","Lean pork, pork skin, cooked rice, garlic, chili, fish sauce, sugar, banana leaves","Unwrap it, slice it, and eat it with chili and garlic.",The fermentation takes 3-5 days and develops a tangy sourness while the meat remains safe to eat.,,
Nem Chua Rán,Fried Fermented Pork Sausage,Fried Snack,All,Deep-fried nem chua - it becomes crispy on the outside and hot and tangy on the inside.,"Nem chua, frying oil",Dip it in chili sauce. It's the ultimate beer snack.,"This is a genius transformation - leftover nem chua, when fried, becomes a completely different dish.",,
Nem Nướng,Grilled Pork Sausage (Nha Trang style),Grilled Pork Sausage,Central,"Grilled pork sausages from Nha Trang - ground pork mixed with pork skin, garlic, and shallots, marinated in fish sauce, and grilled on lemongrass skewers.","Ground pork, pork skin, garlic, shallots, fish sauce, sugar, pepper, lemongrass skewers","Wrap in rice paper with herbs, green banana, and starfruit, then dip in peanut sauce or fish sauce.",Each region has its own version - Nha Trang style is often served with rice paper and herbs.,,
Nem Nướng Nha Trang,Nha Trang Grilled Pork Sausage,Grilled Pork Sausage,Nha Trang,"The Nha Trang specialty - grilled pork sausages served with rice paper, fresh herbs, green mango, starfruit, and a special fermented bean sauce.","Grilled pork sausages, rice paper, fresh herbs, green mango, starfruit, cucumber, fermented bean sauce, garlic chili sauce",Wrap everything in the rice paper and dip it in the fermented bean sauce.,The unique dipping sauce is what distinguishes the Nha Trang style. Nha Trang's version is considered the best in Vietnam.,,
Nem Rán,Fried Spring Rolls (Northern style),Fried Spring Rolls,North,"Northern fried spring rolls - they're smaller, thinner, and crispier than the southern version.","Rice paper, ground pork, crab meat, wood ear mushrooms, cellophane noodles, egg, pepper",Wrap them in lettuce with herbs and dip them in a fish sauce with vinegar.,"The northern version often includes crab or shrimp, making it more delicate.",,
Nghêu Hấp Sả,Steamed Clams with Lemongrass,Steamed Clams,All,"Small clams steamed with lemongrass, lime leaves, and chili. Simple and perfect.","Small clams, lemongrass, kaffir lime leaves, chili, beer or water","Eat the clams, then drink the broth - it's salty, sweet, and aromatic.",The broth is the star of this dish - don't waste it.,,
Nước Mía,Fresh Sugarcane Juice,Sugarcane Juice,All,"Fresh sugarcane juice pressed through rollers, served over ice with a squeeze of kumquat.","Fresh sugarcane, ice, kumquat or lemon juice",Drink it immediately while it's cold and fresh.,It's often sold at carts where you can see the sugarcane stalks being pressed right in front of you.,,
Ốc,Snails (Prepared in endless ways),Snails,All,"An infinite variety of snails prepared in endless ways - steamed with lemongrass, stir-fried with coconut, grilled with scallion oil, or boiled with ginger.","Various sea snails and freshwater snails, lemongrass, ginger, chili, scallion oil, coconut, salt and pepper",Use a toothpick to extract the snail from the shell. Dip it in salt-pepper-lime or fish sauce with chili.,"Eating snails is a social activity - you gather with friends, have some beers, and spend hours picking snails.",,
Ốc Hấp Sả,Snails Steamed with Lemongrass,Steamed Snails,All,"Snails steamed with lemongrass, lime leaves, and ginger - a light, aromatic preparation.","Snails, lemongrass, kaffir lime leaves, ginger, chili, beer or water","Eat the snails, then drink the broth at the end - it's infused with lemongrass and the essence of the snails.",The broth left over after steaming is delicious and is often drunk as a soup.,,
Ốc Nướng Tiêu,Grilled Snails with Green Peppercorns,Grilled Snails,All,"Large snails grilled with fresh green peppercorns, scallions, and peanuts.","Large sea snails, fresh green peppercorns, scallion oil, roasted peanuts, butter",The snail absorbs the peppercorn flavor - it's spicy and aromatic. Use a toothpick and dip it in salt-pepper-lime.,"Green peppercorns are milder than dried black pepper - they're fruity, aromatic, and only slightly spicy.",,
Pâté,Vietnamese-style Pork Pâté,Pork Pâté,All,Vietnamese-style pork pâté - it's smoother and lighter than the French version. It's often homemade.,"Pork liver, pork fat, pork shoulder, fish sauce, pepper, garlic, shallots",Spread it on bread and eat it with pickles. It's an essential ingredient in a bánh mì.,Every family has their own secret recipe - making good pâté is serious business.,,
Phở Cuốn,Fresh Pho Noodle Rolls with Beef,Fresh Rolls,North,"Fresh rice noodle sheets wrapped around stir-fried beef with herbs. Unlike summer rolls, these use fresh pho noodles as the wrapper.","Fresh pho noodle sheets, beef, garlic, fish sauce, lettuce, mint, cilantro, basil","Dip generously - the rolls are lightly flavored, so the sauce provides the punch.","The Ngũ Xã area in Hanoi is famous for this dish - multiple restaurants, locals have fierce loyalty.",,
Phở Hà Nội,Hanoi Beef Noodle Soup,Noodle Soup,North,"Clear beef broth with flat rice noodles and thinly sliced beef. Broth simmered for hours with beef bones, star anise, cinnamon, and ginger. Minimal garnishes - just scallions, cilantro, and lime.","Beef bones, star anise, cinnamon, ginger, cardamom, charred onion, fish sauce, flat rice noodles, raw beef eye round, scallions, cilantro",Add lime and maybe a tiny bit of chili. Taste the broth first! Slurp loudly - it enhances the flavor.,Hanoi pho has a clearer broth because it's not clouded by extra spices like the southern version.,,
Phở Sài Gòn,Saigon Beef Noodle Soup,Noodle Soup,South,"Darker, sweeter, more robust broth with more spices. Served with a massive platter of fresh herbs, bean sprouts, lime, and chilies. More meat options like brisket, tendon, and tripe.","Beef bones, star anise, clove, cardamom, fish sauce, sugar, flat rice noodles, rare steak, brisket, tendon, tripe, basil, mint, bean sprouts","Add ALL the herbs, pile on bean sprouts, squeeze lime, add chili. Customize your bowl your way.","Saigon pho reflects the city's character - more is more, and customization is everything.",,
Rau Câu,Vietnamese Agar Jelly Dessert,Agar Jelly,All,"Vietnamese jelly desserts made from agar agar. They come in various colors, flavors, and layers.","Agar agar powder, coconut milk, sugar, pandan, fruit juices",Eat it cold. The jelly is firm but melts on your tongue.,This is healthier than gelatin-based desserts because it's made from seaweed.,,
Rau Câu Dừa,Coconut Agar Jelly,Coconut Jelly,All,A coconut jelly - it can be clear or made in layers with coconut milk.,"Agar agar, coconut milk, sugar",It's often molded into the shape of a coconut.,This is a refreshing and light dessert.,,
Rau Muống Xào Tỏi,Stir-fried Water Spinach with Garlic,Stir-fried Vegetables,All,The quintessential Vietnamese vegetable dish - morning glory stir-fried with garlic.,"Water spinach, garlic, vegetable oil, fish sauce, salt",Eat it with rice. The stems should be crunchy and the leaves tender.,Order this at every meal - it's the default vegetable dish everywhere.,,
Rượu Cần,Traditional Rice Wine (drunk from jars),Rice Wine,Highlands,Traditional fermented rice wine drunk through long bamboo straws from a large ceramic jar. A staple of the Central Highlands ethnic minorities.,"Glutinous rice, water, herbal yeast, fermented in a jar",Gather around the jar with friends and drink through the straws.,Each ethnic group has a secret family recipe for the herbal yeast - passed down through generations.,,
Rượu Đế,Mekong Delta Rice Moonshine,Rice Wine,Mekong,"Mekong Delta rice moonshine - distilled from fermented glutinous rice. It's strong, clear, and potent. Often infused with snakes, insects, or herbs.","Glutinous rice, water, yeast",Shoot it fast. Often served with pickled dishes.,Snake wine is a whole venomous snake preserved in rice wine - it's supposedly medicinal.,,
Sinh Tố,Vietnamese Fruit Smoothie,Fruit Smoothie,All,"A Vietnamese fruit smoothie - fresh tropical fruit blended with condensed milk and crushed ice. It's thick, sweet, and delicious.","Tropical fruits, condensed milk, crushed ice",Drink it thick or eat it with a spoon. The avocado smoothie is legendary.,The durian smoothie is either loved or hated - there's no middle ground.,,
Sò Huyết,Blood Cockles (Raw or Stir-fried),Blood Cockles,All,"Blood cockles - small, red shellfish. They're usually eaten raw with lime and pepper, or stir-fried with tamarind.","Blood cockles, lime, pepper, salt, chili; or tamarind, garlic, scallions","For the raw version: squeeze lime over them, add salt, pepper, and chili, and eat them whole. For the stir-fried version: eat them with rice.","They're called 'blood cockles' because of the red juice inside - it looks like blood, but it tastes like the ocean.",,
Sữa Chua,Vietnamese Yogurt,Yogurt,All,Vietnamese yogurt - it's sweeter and tarter than Western yogurt. It's made with condensed milk.,"Condensed milk, fresh milk, yogurt culture",Eat it plain or with fruit. It's often sold in small glass jars.,This is a French colonial influence - the Vietnamese version was adapted to use condensed milk.,,
Sữa Chua Nếp Cẩm,Yogurt with Black Sticky Rice,Yogurt with Black Rice,All,"Plain yogurt topped with sweet, cooked black sticky rice.","Plain yogurt, black sticky rice cooked with sugar, coconut milk",Layer the rice at the bottom of the bowl and the yogurt on top.,The black rice is chewy and slightly sweet - a perfect match for the tangy yogurt.,,
Sữa Chua Trân Châu,Yogurt with Tapioca Pearls (Boba),Yogurt with Boba,All,Yogurt with tapioca pearls - a modern street food favorite.,"Yogurt, cooked tapioca pearls, fruit syrup",Stir it and drink it with a wide straw.,This is popular with the younger generation - yogurt shops are everywhere.,,
Sủi Cảo,Vietnamese Wontons (Soup or Fried),Wontons,All,Vietnamese wontons - served either in a soup or fried with a sweet and sour sauce.,"Pork and shrimp filling, wonton wrappers, broth, sweet-sour sauce, vegetables","For the soup version, add chili and herbs. For the fried version, dip them in the sauce and eat with shredded lettuce and cucumber.",These are two completely different dishes with the same name - always specify if you want soup or fried.,,
Thịt Đông,Northern Pork Meat Jelly,Meat Jelly,North,"A northern winter dish - pork is cooked in a rich broth until the collagen melts, and then it sets into a jelly when chilled. It's served cold with pickles.","Pork shoulder, hocks, ears, broth, mushrooms, onions, fish sauce, pepper","Eat it cold, with hot rice and pickled vegetables. The jelly melts on your tongue.","This is a traditional winter dish, served during Tết when the weather is cold enough for it to set.",,
Thịt Kho Tàu,Pork Belly and Eggs Braised in Coconut Juice,Braised Pork,South,Pork belly and eggs braised in coconut water with fish sauce and caramel sauce. A Tết holiday staple.,"Pork belly, hard-boiled eggs, coconut water, fish sauce, caramel sauce, garlic, shallots, black pepper",Pour the sauce over rice and eat the pork with pickled bean sprouts and herbs.,"The name refers to Chinese influence, but the dish was made Vietnamese with the addition of coconut water.",,
Tiết Canh,Vietnamese Raw Blood Pudding,Raw Blood Pudding,North,"A raw blood pudding - fresh duck or pig blood is mixed with fish sauce and water, and it sets into a jelly-like consistency. It's topped with chopped meat, peanuts, and herbs. It's considered a delicacy.","Fresh blood, fish sauce, water, chopped cooked meat, roasted peanuts, herbs, fried shallots","Eat it with a spoon. The texture is like a firm jelly, and the flavor is metallic and savory. It's not for the squeamish.",This is an acquired taste and is considered the ultimate delicacy in the north. It must be ultra-fresh to be safe.,,
Tôm Hấp Bia,Beer-steamed Shrimp,Steamed Shrimp,All,"Fresh shrimp steamed in beer with lemongrass. They're sweet, plump, and perfect.","Fresh shrimp, beer, lemongrass, ginger, salt",Peel them and dip them in salt-pepper-lime. Suck the heads for the most flavor.,The beer keeps the shrimp moist and adds a subtle flavor.,,
Vịt 7 Món,Seven-Course Duck Feast (Saigon style),Duck Feast,Saigon,A seven-course duck feast - a Saigon specialty.,"Duck prepared in seven ways: steamed, roasted, salad, congee, etc.",Duck blood pudding is often included. Herbs are essential to balance the rich duck.,"Duck is considered a 'cooling' food in the yin-yang balance, so it's often eaten with ginger, which is 'warming'.",,
White Rose,White Rose Dumplings,Dumplings,Hoi An,"Delicate white shrimp dumplings shaped like roses, made by a single family who has held the secret recipe for generations.","Rice flour dough, shrimp, pork fat, shallots, fish sauce dip",Dip gently - the dumplings are delicate. One bite each.,The Tran family are the only people who know the recipe - they make all the dumplings for Hoi An's restaurants in a secret facility.,,
Xíu Mại,Vietnamese Pork Meatballs in Tomato Sauce,Meatballs,All,"Vietnamese pork meatballs in a tomato sauce - they're soft, fluffy, and slightly sweet. Served with bread or rice.","Ground pork, shallots, garlic, tomato paste, canned tomatoes, fish sauce, sugar",Eat them with a baguette - dip the bread in the sauce. They're also served with rice.,This is a comfort food fusion - French-inspired meatballs meet a Vietnamese tomato preparation.,,
Xôi Đỗ,Bean Sticky Rice,Bean Sticky Rice,All,Sticky rice with mung beans or black beans.,"Sticky rice, mung beans or black beans, salt",It can be either savory or sweet. The mung bean version is the most common.,The beans are cooked until they're soft and then mixed with the sticky rice.,,
Xôi Gà,Chicken Sticky Rice,Chicken Sticky Rice,All,"Sticky rice topped with shredded chicken, fried shallots, and scallion oil.","Sticky rice, shredded chicken, fried shallots, scallion oil, pepper",The chicken should be moist and the shallots should be crispy.,It's often served with a small bowl of chicken broth on the side.,,
Xôi Gấc,Bright Red Sticky Rice with Gac Fruit,Red Sticky Rice,All,A bright red-orange sticky rice made with gấc fruit. It's served at celebrations because the red color symbolizes luck.,"Glutinous rice, gấc fruit pulp, coconut milk, sugar, salt",Eat it with sesame salt or shredded coconut. It's often served at weddings and during Tết.,Gấc fruit has 70 times more lycopene than tomatoes - it's a superfood disguised as a celebration dish.,,
Xôi Lá Cẩm,Purple Sticky Rice with Magenta Plant,Purple Sticky Rice,All,A deep purple sticky rice colored with magenta plant leaves. It's naturally dyed and has a subtle herbal flavor.,"Glutinous rice, magenta plant leaves, coconut milk, salt",Eat it with sesame salt or grilled chicken. The color is completely natural.,The magenta plant is used in many Asian desserts - it's also used in Vietnamese sweet soups.,,
Xôi Lạc,Peanut Sticky Rice,Peanut Sticky Rice,All,Simple sticky rice with peanuts - a classic breakfast.,"Sticky rice, peanuts, salt, sugar","Eat it with a little soy sauce or sugar. It's simple, filling, and cheap.",This is the cheapest sticky rice option - it's a street breakfast for workers.,,
Xôi Mặn,Savory Sticky Rice with Assorted Toppings,Savory Sticky Rice,All,"Savory sticky rice with various toppings - pork floss, Chinese sausage, pâté, a fried egg, and fried shallots.","Sticky rice, pork floss, Chinese sausage, pâté, fried egg, fried shallots, scallion oil",Mix everything together and eat it with pickled cucumber.,This is a complete meal in one box - it's breakfast on the go.,,
Xôi Ngọt,Sweet Sticky Rice,Sweet Sticky Rice,All,"Sweet sticky rice made with coconut, mung bean, sesame, and sugar.","Sticky rice, coconut milk, sugar, mung bean paste, sesame seeds",Eat it as a dessert or a snack. Sometimes it's served with grated coconut.,Different regions have their own specialty versions.,,
Xôi Vị,Northern Red Sticky Rice with Gac Fruit,Red Sticky Rice,North,"A northern specialty - sticky rice cooked with gac fruit, which gives it a bright red-orange color. It's served at celebrations.","Sticky rice, gac fruit pulp, coconut milk, sugar",Eat it with sesame salt. The color symbolizes good luck.,"The gac fruit is only available seasonally, so this is a Tết specialty.",,
Xôi Xéo,Turmeric Sticky Rice with Mung Beans,Sticky Rice,North,Turmeric-colored sticky rice topped with mung bean flakes and crispy fried shallots. Served with pork floss or pâté.,"Glutinous rice, turmeric, mung bean flakes, fried shallots, pork floss","Mix everything so each bite has rice, mung bean, and shallots.",Xôi xéo literally means 'crunchy sticky rice' - referring to the crispy shallots.,,
Xôi Xíu,BBQ Pork Sticky Rice,BBQ Pork Sticky Rice,All,"Sticky rice with Chinese BBQ pork, pork floss, and scallion oil.","Sticky rice, Chinese BBQ pork, pork floss, scallion oil, cucumber","The pork is sweet and savory, the rice is neutral, and the scallion oil is rich.","The name comes from the Cantonese word for 'siu', as in 'char siu'.",,
